Type,Name,Request Count,Failure Count,Median Response Time,Average Response Time,Min Response Time,Max Response Time,Average Content Size,Requests/s,Failures/s,50%,66%,75%,80%,90%,95%,98%,99%,99.9%,99.99%,100%
POST,/,44,0,3,4.2900086136279985,1.571691999970426,27.221009000015783,1533.0,0.7712402401160862,0.0,3,4,4,5,7,10,27,27,27,27,27
,Aggregated,44,0,3,4.2900086136279985,1.571691999970426,27.221009000015783,1533.0,0.7712402401160862,0.0,3,4,4,5,7,10,27,27,27,27,27
